-- MySQL dump 10.13  Distrib 5.7.17, for Win64 (x86_64)
--
-- Host: localhost    Database: student_db
-- ------------------------------------------------------
-- Server version	5.7.19

/*!40101 SET @OLD_CHARACTER_SET_CLIENT=@@CHARACTER_SET_CLIENT */;
/*!40101 SET @OLD_CHARACTER_SET_RESULTS=@@CHARACTER_SET_RESULTS */;
/*!40101 SET @OLD_COLLATION_CONNECTION=@@COLLATION_CONNECTION */;
/*!40101 SET NAMES utf8 */;
/*!40103 SET @OLD_TIME_ZONE=@@TIME_ZONE */;
/*!40103 SET TIME_ZONE='+00:00' */;
/*!40014 SET @OLD_UNIQUE_CHECKS=@@UNIQUE_CHECKS, UNIQUE_CHECKS=0 */;
/*!40014 SET @OLD_FOREIGN_KEY_CHECKS=@@FOREIGN_KEY_CHECKS, FOREIGN_KEY_CHECKS=0 */;
/*!40101 SET @OLD_SQL_MODE=@@SQL_MODE, SQL_MODE='NO_AUTO_VALUE_ON_ZERO' */;
/*!40111 SET @OLD_SQL_NOTES=@@SQL_NOTES, SQL_NOTES=0 */;

--
-- Table structure for table `category`
--

DROP TABLE IF EXISTS `category`;
/*!40101 SET @saved_cs_client     = @@character_set_client */;
/*!40101 SET character_set_client = utf8 */;
CREATE TABLE `category` (
  `id` int(11) NOT NULL AUTO_INCREMENT,
  `name` varchar(45) NOT NULL,
  PRIMARY KEY (`id`)
) ENGINE=InnoDB AUTO_INCREMENT=3 DEFAULT CHARSET=utf8;
/*!40101 SET character_set_client = @saved_cs_client */;

--
-- Dumping data for table `category`
--

LOCK TABLES `category` WRITE;
/*!40000 ALTER TABLE `category` DISABLE KEYS */;
INSERT INTO `category` VALUES (1,'mobilecells'),(2,'refrigerators');
/*!40000 ALTER TABLE `category` ENABLE KEYS */;
UNLOCK TABLES;

--
-- Table structure for table `comments`
--

DROP TABLE IF EXISTS `comments`;
/*!40101 SET @saved_cs_client     = @@character_set_client */;
/*!40101 SET character_set_client = utf8 */;
CREATE TABLE `comments` (
  `id` int(11) NOT NULL,
  `text` text NOT NULL,
  `user_id` int(11) NOT NULL,
  `goods_id` int(11) NOT NULL,
  PRIMARY KEY (`id`),
  KEY `fk_comments_1_idx` (`goods_id`),
  KEY `fk_comments_2_idx` (`user_id`),
  CONSTRAINT `fk_comments_1` FOREIGN KEY (`goods_id`) REFERENCES `goods` (`id`) ON DELETE NO ACTION ON UPDATE NO ACTION,
  CONSTRAINT `fk_comments_2` FOREIGN KEY (`user_id`) REFERENCES `users` (`id_users`) ON DELETE NO ACTION ON UPDATE NO ACTION
) ENGINE=InnoDB DEFAULT CHARSET=utf8;
/*!40101 SET character_set_client = @saved_cs_client */;

--
-- Dumping data for table `comments`
--

LOCK TABLES `comments` WRITE;
/*!40000 ALTER TABLE `comments` DISABLE KEYS */;
/*!40000 ALTER TABLE `comments` ENABLE KEYS */;
UNLOCK TABLES;

--
-- Table structure for table `goods`
--

DROP TABLE IF EXISTS `goods`;
/*!40101 SET @saved_cs_client     = @@character_set_client */;
/*!40101 SET character_set_client = utf8 */;
CREATE TABLE `goods` (
  `id` int(11) NOT NULL AUTO_INCREMENT,
  `category_id` int(11) NOT NULL,
  `brend` varchar(45) NOT NULL,
  `name` varchar(100) NOT NULL,
  `price` int(11) NOT NULL,
  `image` varchar(100) DEFAULT NULL,
  `specification` mediumtext NOT NULL,
  PRIMARY KEY (`id`),
  KEY `fk_goods_1_idx` (`category_id`),
  CONSTRAINT `fk_goods_1` FOREIGN KEY (`category_id`) REFERENCES `category` (`id`) ON DELETE NO ACTION ON UPDATE NO ACTION
) ENGINE=InnoDB AUTO_INCREMENT=12 DEFAULT CHARSET=utf8;
/*!40101 SET character_set_client = @saved_cs_client */;

--
-- Dumping data for table `goods`
--

LOCK TABLES `goods` WRITE;
/*!40000 ALTER TABLE `goods` DISABLE KEYS */;
INSERT INTO `goods` VALUES (3,1,'Sumsung','Galaxy S9 Plus 64GB Midnight Black',3200000,'/images\\samsung_galaxy_s9_plus_64gb_black_images_3249706863.jpg','Экран (6.2\", Super AMOLED, 2960х1440)/ Samsung Exynos 9810 (4 x 2.7 ГГц + 4 x 1.7 ГГц)/ двойная основная камера: 12 Мп + 12 Мп, фронтальная: 8 Мп/ RAM 6 ГБ/ 64 ГБ встроенной памяти + microSD (до 400 ГБ)/ 3G/ LTE/ GPS/ поддержка 2х SIM-карт (Nano-SIM)/ Android 8.0 (Oreo) / 3500 мА*ч'),(4,1,'Sumsung','Galaxy J7 (2017) J730 Black',749900,'/images\\samsung_sm_j730fzknsek_images_2045781864.jpg','Экран (5.5\", Super AMOLED, 1920x1080)/ Exynos 7870 (1.6 ГГц)/ основная камера: 13 Мп, фронтальная камера: 13 Мп/ RAM 3 ГБ/ 16 ГБ встроенной памяти + microSD/SDHC (до 256 ГБ)/ 3G/ LTE/ GPS/ GLONASS/ поддержка 2х SIM-карт (Nano-SIM)/ Android 7.1 (Nougat)/ 3600 мА*ч'),(5,1,'Sony','Xperia XA2 Black',999900,'/images/sony_xa2_black_images_3386205535.jpg','Экран (5.2\", IPS, 1920x1080)/ Qualcomm Snapdragon 630/ основная камера: 23 Мп, фронтальная камера: 8 Мп/ RAM 3 ГБ/ 32 ГБ встроенной памяти + microSD/SDHC (до 256 ГБ)/ 3G/ LTE/ GPS/ A-GPS/ГЛОНАСС/ поддержка 2х SIM-карт (Nano-SIM)/ Android 8.0 (Oreo)/ 3300 мА*ч'),(6,1,'Sony','Xperia L1 Dual (G3312) Black',379900,'/images/copy_sony_xperia_xz_f8332_dual_sim_mineral_black_58dd0357cb0b2_images_1895003687.jpg','Экран (5.5\", IPS, 1280x720)/ Mediatek MT6737T (1.45 ГГц)/ основная камера: 13 Мп, фронтальная камера: 5 Мп/ RAM 2 ГБ/ 16 ГБ встроенной памяти + microSD/SDHC (до 256 ГБ)/ 3G/ LTE/ GPS/ поддержка 2х SIM-карт (Nano-SIM)/ Android 7.0 (Nougat)/ 2620 мА*ч'),(7,1,'Motorola','Moto C Plus (XT1723) Black',250000,'/images/motorola_pa800125ua_images_2070807823.jpg','Экран (6.2\", Super IPS+, 2246x1080)/ Qualcomm Snapdragon 636 (1.8 ГГц)/ двойная основная камера: 16 Мп + 12 Мп, фронтальная камера: 8 Мп/ RAM 4 ГБ/ 64 ГБ встроенной памяти + microSD (до 2 ТБ)/ 3G/ LTE/ GPS/ поддержка 2х SIM-карт (Nano SIM)/ Android 8.0 (Oreo)/ 3300 мА*ч'),(8,1,'Asus','Zenfone 5 4/64GB (ZE620KL-1H013WW) DualSim Meteor Silver',1299900,'/images/asus_zenfone5_ze620kl_1h013ww_images_4611129064.jpg','Экран (6.2\", Super IPS+, 2246x1080)/ Qualcomm Snapdragon 636 (1.8 ГГц)/ двойная основная камера: 16 Мп + 12 Мп, фронтальная камера: 8 Мп/ RAM 4 ГБ/ 64 ГБ встроенной памяти + microSD (до 2 ТБ)/ 3G/ LTE/ GPS/ поддержка 2х SIM-карт (Nano SIM)/ Android 8.0 (Oreo)/ 3300 мА*ч'),(10,1,'Sumsung','Galaxy J3 (2017) J330 Black',429900,'/images/samsung_sm_j330fzkdsek_images_2094863463.jpg','Экран (5\", PLS, 1280x720)/ Exynos 7570 (1.4 ГГц)/ основная камера: 13 Мп, фронтальная камера: 5 Мп/ RAM 2 ГБ/ 16 ГБ встроенной памяти + microSD (до 256 ГБ)/ 3G/ LTE/ GPS/ GLONASS/ поддержка 2х SIM-карт (Nano-SIM)/ Android 7.1 (Nougat)/ 2400 мА*ч'),(11,2,'ATLANT','XM-6025-100',1024900,'/images/atlant-xm-6025-100_images_1698169043.jpg','Цвет: белый. Полезный объем холодильной камеры: 225 л. Тип холодильника: Двухкамерный. Полезный объем морозильной камеры: 139 л. Количество компрессоров: 2. Тип управления: Механическое. Габариты (ВхШхГ): 205х60х63 см. Вес: 87 кг. Страна производитель товара: Беларусь');
/*!40000 ALTER TABLE `goods` ENABLE KEYS */;
UNLOCK TABLES;

--
-- Table structure for table `goods_order`
--

DROP TABLE IF EXISTS `goods_order`;
/*!40101 SET @saved_cs_client     = @@character_set_client */;
/*!40101 SET character_set_client = utf8 */;
CREATE TABLE `goods_order` (
  `goods_id` int(11) NOT NULL,
  `order_id` int(11) NOT NULL,
  `price` int(11) NOT NULL,
  `amount` int(11) NOT NULL,
  KEY `fk_goods_order_1_idx` (`goods_id`),
  KEY `fk_goods_order_2_idx` (`order_id`),
  CONSTRAINT `fk_goods_order_1` FOREIGN KEY (`goods_id`) REFERENCES `goods` (`id`) ON DELETE NO ACTION ON UPDATE NO ACTION,
  CONSTRAINT `fk_goods_order_2` FOREIGN KEY (`order_id`) REFERENCES `order` (`id`) ON DELETE NO ACTION ON UPDATE NO ACTION
) ENGINE=InnoDB DEFAULT CHARSET=utf8;
/*!40101 SET character_set_client = @saved_cs_client */;

--
-- Dumping data for table `goods_order`
--

LOCK TABLES `goods_order` WRITE;
/*!40000 ALTER TABLE `goods_order` DISABLE KEYS */;
INSERT INTO `goods_order` VALUES (3,2,3200000,1),(4,2,749900,2),(5,2,999900,1),(4,3,749900,1),(8,3,1299900,1),(10,3,429900,1),(11,3,1024900,2),(8,4,1299900,1);
/*!40000 ALTER TABLE `goods_order` ENABLE KEYS */;
UNLOCK TABLES;

--
-- Table structure for table `order`
--

DROP TABLE IF EXISTS `order`;
/*!40101 SET @saved_cs_client     = @@character_set_client */;
/*!40101 SET character_set_client = utf8 */;
CREATE TABLE `order` (
  `id` int(11) NOT NULL AUTO_INCREMENT,
  `user_id` int(11) NOT NULL,
  PRIMARY KEY (`id`),
  KEY `fk_order_1_idx` (`user_id`),
  CONSTRAINT `fk_order_1` FOREIGN KEY (`user_id`) REFERENCES `users` (`id_users`) ON DELETE NO ACTION ON UPDATE NO ACTION
) ENGINE=InnoDB AUTO_INCREMENT=5 DEFAULT CHARSET=utf8;
/*!40101 SET character_set_client = @saved_cs_client */;

--
-- Dumping data for table `order`
--

LOCK TABLES `order` WRITE;
/*!40000 ALTER TABLE `order` DISABLE KEYS */;
INSERT INTO `order` VALUES (1,1),(2,1),(3,1),(4,1);
/*!40000 ALTER TABLE `order` ENABLE KEYS */;
UNLOCK TABLES;

--
-- Table structure for table `posts`
--

DROP TABLE IF EXISTS `posts`;
/*!40101 SET @saved_cs_client     = @@character_set_client */;
/*!40101 SET character_set_client = utf8 */;
CREATE TABLE `posts` (
  `id` int(11) NOT NULL,
  `number` int(11) NOT NULL,
  `path` varchar(45) NOT NULL,
  `text` varchar(45) NOT NULL,
  PRIMARY KEY (`id`)
) ENGINE=InnoDB DEFAULT CHARSET=utf8;
/*!40101 SET character_set_client = @saved_cs_client */;

--
-- Dumping data for table `posts`
--

LOCK TABLES `posts` WRITE;
/*!40000 ALTER TABLE `posts` DISABLE KEYS */;
INSERT INTO `posts` VALUES (1,1,'1','это главный'),(2,1,'1,1','это вложеный в 1'),(3,2,'1,2','это вложеный в 1'),(4,1,'1.2.1','это вложеный в 1,2');
/*!40000 ALTER TABLE `posts` ENABLE KEYS */;
UNLOCK TABLES;

--
-- Table structure for table `users`
--

DROP TABLE IF EXISTS `users`;
/*!40101 SET @saved_cs_client     = @@character_set_client */;
/*!40101 SET character_set_client = utf8 */;
CREATE TABLE `users` (
  `id_users` int(11) NOT NULL AUTO_INCREMENT,
  `login` varchar(45) NOT NULL,
  `password` varchar(45) NOT NULL,
  `email` varchar(45) NOT NULL,
  PRIMARY KEY (`id_users`),
  UNIQUE KEY `login_UNIQUE` (`login`),
  UNIQUE KEY `email_UNIQUE` (`email`)
) ENGINE=InnoDB AUTO_INCREMENT=4 DEFAULT CHARSET=utf8;
/*!40101 SET character_set_client = @saved_cs_client */;

--
-- Dumping data for table `users`
--

LOCK TABLES `users` WRITE;
/*!40000 ALTER TABLE `users` DISABLE KEYS */;
INSERT INTO `users` VALUES (1,'user','123456','user@mail.com'),(2,'dtrfgdfg','wsdfsdfs','1@mail.com'),(3,'dfghd','dfgdfgdfg','dfgdf@sdfsd.sdf');
/*!40000 ALTER TABLE `users` ENABLE KEYS */;
UNLOCK TABLES;

--
-- Dumping routines for database 'student_db'
--
/*!40103 SET TIME_ZONE=@OLD_TIME_ZONE */;

/*!40101 SET SQL_MODE=@OLD_SQL_MODE */;
/*!40014 SET FOREIGN_KEY_CHECKS=@OLD_FOREIGN_KEY_CHECKS */;
/*!40014 SET UNIQUE_CHECKS=@OLD_UNIQUE_CHECKS */;
/*!40101 SET CHARACTER_SET_CLIENT=@OLD_CHARACTER_SET_CLIENT */;
/*!40101 SET CHARACTER_SET_RESULTS=@OLD_CHARACTER_SET_RESULTS */;
/*!40101 SET COLLATION_CONNECTION=@OLD_COLLATION_CONNECTION */;
/*!40111 SET SQL_NOTES=@OLD_SQL_NOTES */;

-- Dump completed on 2018-08-06  0:38:17
